{"cameraMode":{"drawMode":0,"name":"Shaded","section":"Shading Mode"},"sceneLighting":true,"audioPlay":false,"sceneViewState":{"showFog":true,"showMaterialUpdate":false,"showSkybox":true,"showFlares":true,"showImageEffects":true,"showParticleSystems":true},"in2DMode":false,"pivot":{"x":0.13206204771995545,"y":-0.4702250361442566,"z":0.5676581263542175},"rotation":{"x":-0.7002971172332764,"y":-0.0019292897777631879,"z":0.0018927400233224035,"w":-0.7138463854789734},"size":13.93802261352539,"orthographic":false}